﻿<Ui>
	<Script file = "Libs\LibStub\LibStub.lua"/>
	<Include file = "Libs\CallbackHandler-1.0\CallbackHandler-1.0.xml"/>
	<Include file = "Libs\AceDB-3.0\AceDB-3.0.xml"/>
	<Include file = "Libs\AceDBOptions-3.0\AceDBOptions-3.0.xml"/>
	<Include file = "Libs\AceGUI-3.0\AceGUI-3.0.xml"/>
	<Include file = "Libs\AceConfig-3.0\AceConfig-3.0.xml"/>
	<Include file = "Libs\AceSerializer-3.0\AceSerializer-3.0.xml"/>
	<Include file = "Libs\LibSharedMedia-3.0\lib.xml"/>
	<Include file = "Libs\AceGUI-3.0-SharedMediaWidgets\widget.xml"/>
	<Include file = "Libs\DRData-1.0\DRData-1.0.xml"/>
</Ui>